1,Milk Frothing Pitcher,$6.39,placeholder_image1,https://www.amazon.com/yael/dp/B0C77BHPSF/
2,Nextmug,$99.94,placeholder_image2,https://www.amazon.com/yael/dp/B0B6JTKBQS/
3,Cookies 'N Dreams Beans,$15.29,placeholder_image3,https://www.amazon.com/yael/dp/B084NVN1J6
4,Dinosaurs Ceramic Coffee Spoon,$11.99,placeholder_image4,https://www.amazon.com/yael/dp/B09ZVKG43S
5,Espresso Stirrer Tools,$15.99,placeholder_image5,https://www.amazon.com/yael/dp/B0BW9658TW
6,Wooden Coffee Stirrer,$10.99,placeholder_image6,https://www.amazon.com/yael/dp/B08Y98G1GV
7,3 Piece Wooden Sign,$12.99,placeholder_image7,https://www.amazon.com/yael/dp/B09161FV5T
8,Kona Blend Whole Bean,$10.23,placeholder_image8,https://www.amazon.com/yael/dp/B0BJ117V7X
