nameRecipe,coffeeGrams,waterGrams,milkGrams,otherIngredients,instruction
cappuccino,15,100,250,cinnamon,brew a shot of espresso using 15 grams of coffee and 100 grams of water. Froth 250 grams of milk. Pour the frothed milk into a preheated cappuccino cup, filling it about 1/3 of the way, then carefully pour the espresso over it. Spoon the remaining froth on top. Sprinkle with cinnamon if desired. Serve immediately.
espresso,18,0,0,none,To prepare a classic espresso, start by grinding 18 grams of coffee beans to a fine consistency. Tamp the coffee grounds firmly into the portafilter of your espresso machine. Place the portafilter into the machine and start the extraction process. Allow hot water to pass through the compacted coffee grounds under high pressure for about 25-30 seconds, extracting a concentrated shot of espresso into a preheated espresso cup. The espresso should have a thick, golden crema on top. Serve immediately to enjoy the rich flavor and aroma of a freshly brewed espresso.
latte,18,0,150,foam,For a delicious latte, brew a shot of espresso using 18 grams of finely ground coffee beans. Meanwhile, froth 150 grams of milk to create a velvety foam. Once the espresso shot is ready, pour it into a serving cup. Then, gently pour the frothed milk over the espresso, holding back the foam with a spoon to let it sit on top. Spoon the foam over the milk to top off the latte. Serve immediately and savor the creamy texture and bold flavor of your homemade latte.
americano,18,150,0,none, To prepare an Americano, start by brewing a shot of espresso using 18 grams of finely ground coffee beans. Once the espresso shot is ready, pour it into a serving cup. Then, add 150 grams of hot water to the espresso, diluting it to your desired strength. Stir gently to combine the espresso and water. Serve immediately and enjoy the smooth and robust flavor of your homemade Americano.
mocha,18,0,150,chocolate syrup,To craft a mocha, commence by brewing a shot of espresso using 18 grams of finely ground coffee beans. Following the espresso, heat 150 grams of milk until it's warm. Next, pour the brewed espresso into a serving cup. Then, add 150 grams of warm milk to the espresso. Stir in chocolate syrup according to your taste preference, adjusting the quantity as desired for sweetness. Finally, stir the mixture thoroughly to combine all the ingredients. Serve promptly and relish the delightful combination of rich espresso, creamy milk, and decadent chocolate flavor in your homemade mocha.
macchiato,18,0,0,caramel drizzle,To create a macchiato, start by brewing a shot of espresso using 18 grams of finely ground coffee beans. Once the espresso shot is ready, pour it into a serving cup. Then, add a dollop of foamed milk on top of the espresso shot. Drizzle caramel syrup over the foam for added sweetness and flavor. Serve immediately and enjoy the contrast of rich espresso, creamy milk, and sweet caramel in your homemade macchiato.
affogato,15,0,75,vanilla ice cream,To make an affogato, brew a shot of espresso using 15 grams of finely ground coffee. Scoop a serving of vanilla ice cream into a dessert cup. Pour the hot espresso over the ice cream, allowing the rich coffee flavor to meld with the creamy sweetness of the ice cream. Serve immediately and enjoy the delightful contrast of hot coffee and cold ice cream in your affogato.
cortado,20,20,50,none,Start by brewing a double shot of espresso using 20 grams of finely ground coffee and 20 grams of water. Pour the espresso into a small glass. Then, add approximately 50 grams of steamed milk, creating a perfect balance between the strong espresso and smooth, creamy milk. Serve immediately and savor the bold yet smooth flavor of your homemade cortado.
irish coffee,20,100,60,whiskey,Start by brewing a shot of hot, strong coffee using 20 grams of finely ground coffee and 100 grams of water. In a heatproof glass or mug, combine the brewed coffee and 30-40 grams of Irish whiskey. Add 2-3 teaspoons of brown sugar to sweeten, according to your preference. Gently float 60 grams of lightly whipped cream on top. Serve immediately and enjoy a delightful blend of coffee, whiskey, and cream in your homemade Irish coffee.
turkish coffee,15,70,0,cardamom,Combine 15 grams of finely ground coffee and 70 grams of cold water in a special Turkish coffee pot called a cezve. Add sugar and cardamom, if desired. Heat the mixture slowly, without stirring, allowing the foam to rise just before it reaches a boil. Pour the coffee into a demitasse cup, allowing the grounds to settle. Serve immediately and enjoy the distinct, strong flavor of Turkish coffee.
vienna coffee,20,120,100,whipped cream,Start by preparing a shot of espresso using 20 grams of finely ground coffee and 120 grams of water. Pour the espresso into a coffee mug. Add 50 grams of hot milk. Top the coffee with 100 grams of sweetened whipped cream to create a luxurious crown. Serve immediately and enjoy the decadent combination of rich coffee and indulgent cream in your homemade Vienna coffee.
flat white,18,0,140,none,To prepare a flat white, start by brewing a double shot of espresso using 18 grams of finely ground coffee beans. Meanwhile, heat 140 grams of milk until it reaches a velvety texture without forming stiff peaks. Pour the heated milk over the espresso, allowing the rich crema to rise to the surface. Serve immediately and appreciate the smooth, creamy texture and bold coffee flavor of your homemade flat white.
ristretto,15,20,0,none,To brew a ristretto, use 15 grams of finely ground coffee and 20 grams of hot water. Extract the coffee under high pressure for about 15-20 seconds, allowing only a small quantity of very concentrated coffee to be produced. The resulting ristretto should have a fuller and more intense flavor compared to a traditional espresso extraction. Serve immediately to experience the strong, rich taste of a ristretto.
cuban coffee,20,50,0,demerara sugar,Start by brewing a shot of espresso using 20 grams of finely ground coffee and 50 grams of water. Add demerara sugar to the espresso grounds while brewing to create a sweet and syrupy layer known as espuma. Allow the espresso to brew until the sweet espuma forms on top. Serve immediately and enjoy the rich, sweet flavor of your homemade Cuban coffee.
